{"cameraMode":{"drawMode":0,"name":"Shaded","section":"Shading Mode"},"sceneLighting":true,"audioPlay":false,"sceneViewState":{"m_AlwaysRefresh":false,"showFog":true,"showSkybox":true,"showFlares":true,"showImageEffects":true,"showParticleSystems":true,"showVisualEffectGraphs":true,"m_FxEnabled":false},"in2DMode":false,"pivot":{"x":-1.9375395774841309,"y":-0.16287755966186524,"z":7.0019354820251469},"rotation":{"x":-0.17153869569301606,"y":0.14300554990768434,"z":-0.025600381195545198,"w":-0.9744758605957031},"size":6.241356372833252,"orthographic":false}